Handle,Title,Variant SKU,Variant Price
folding-height-adjustable-recline-feeding-baby-high-chair,Folding Height Adjustable Recline Feeding Baby High Chair,USCBB4742-BK,96.54
50-patio-garden-bench-park-yard-outdoor-furniture,"50"" Patio Garden Bench Park Yard Outdoor Furniture",USCOP3137,73.81
outdoor-cast-iron-patio-bench-rose,Outdoor Cast Iron Patio Bench Rose,USCOP2785,72.67
50-patio-garden-bench-loveseats,"50"" Patio Garden Bench Loveseats",USCOP3136,79.49
6-portable-folding-rattan-table-bench,6' Portable Folding Rattan Table Bench,USCOP3089,45.4
outdoor-patio-steel-swing-bench-loveseat,Outdoor Patio Steel Swing Bench Loveseat,USCOP2970,106.76
outdoor-patio-cast-bench,Outdoor Patio Cast Bench,USCOP2784,62.44
outdoor-cast-aluminum-patio-bench-antique-rose,Outdoor Cast Aluminum Patio Bench Antique Rose,USCOP2780,88.58
outdoor-9-10ft-umbrella-table-screen-mosquito-bug-insect-net,Outdoor 9/10FT Umbrella Table Screen Mosquito Bug Insect Net,USCOP3306,21.53
patio-garden-bench-park-yard-outdoor-furniture,Patio Garden Bench Park Yard Outdoor Furniture,USCOP3138,76.08
outdoor-natural-fir-wood-adirondack-chair,Outdoor Natural Fir Wood Adirondack Chair,USCHW48521,53.35
outdoor-foldable-wood-pull-out-adirondack-chair,Outdoor Foldable Wood Pull Out Adirondack Chair,USCHW50295,74.94
study-desk-computer-table-with-a-drawer,Study Desk Computer Table with a Drawer,USCHW51325-BK,46.54
antique-copper-patio-swivel-bar-stool,Antique Copper Patio Swivel Bar Stool,USCHW52421,136.31
patio-recliner-foldable-zero-gravity-lounge-chair,Patio Recliner Foldable Zero Gravity Lounge Chair,USCOP3007,41.99
6-folding-portable-plastic-outdoor-camp-table,6' Folding Portable Plastic Outdoor Camp Table,USCOP2966,61.31
brown-foldable-rattan-tray-table,Brown Foldable Rattan Tray Table,USCHW55029,43.12
set-of-4-rattan-folding-chair,Set of 4 Rattan Folding Chair,USCHW51584,119.26
5-ft-3-seats-outdoor-wooden-garden-bench-chair,5 ft 3 Seats Outdoor Wooden Garden Bench Chair,USCOP3204color-BN,86.31
home-office-workstation-wood-computer-desk,Home Office Workstation Wood Computer Desk,USCHW53853color-BK,64.72
4-tier-wood-computer-desk-laptop-writing-table,4-Tier Wood Computer Desk Laptop Writing Table,USCHW55453,64.72
8-2ft-height-adjustable-outdoor-patio-umbrella,8.2Ft Height Adjustable Outdoor Patio Umbrella,USCOP3095-BE,35.18
9-ft-height-adjustable-outdoor-patio-umbrella,9 ft Height Adjustable Outdoor Patio Umbrella,USCOP3096-BE,41.99
pu-leather-high-back-executive-office-chair,PU Leather High Back Executive Office Chair,USCHW56601,101.08
home-office-47-modern-study-computer-desk,"Home Office 47"" Modern Study Computer Desk",USCHW54321,72.67
folding-patio-recliner-lounge-chaise,Folding Patio Recliner Lounge Chaise,USCOP3069,39.72
outdoor-rattan-sofa-chair-furniture-set-with-cushion,Outdoor Rattan Sofa Chair Furniture Set with Cushion,USCHW56379,132.9
70-gallon-durable-outdoor-plasic-storage-box,70 Gallon Durable Outdoor Plasic Storage Box,USCHW55980,51.08
tempered-glass-top-study-desk-w-sliding-keyboard-tray,Tempered Glass Top Study Desk w/ Sliding Keyboard Tray,USCHW55603,86.31
4-folding-portable-plastic-outdoor-camp-table,4' Folding Portable Plastic Outdoor Camp Table,USCOP2968,41.99
space-saver-convertible-wall-mounted-desk,Space Saver Convertible Wall Mounted Desk,USCHW55462-BK,106.77
rolling-computer-desk-with-pull-out-tray,Rolling Computer Desk with Pull Out Tray,USCHW53738-BK,62.45
black-wood-computer-desk-with-3-drawers,Black Wood Computer Desk with 3 Drawers,USCHW52721,95.4
height-adjustable-study-writing-computer-desk,Height Adjustable Study Writing Computer Desk,USCHW56368,80.62
study-writing-computer-desk-w-2-drawers,Study Writing Computer Desk w/ 2 Drawers,USCHW56367,86.31
9-pcs-cushioned-dining-table-rattan-furniture-set,9 pcs Cushioned Dining Table Rattan Furniture Set,USCHW51756DGR+,481.77
34-2-pcs-folding-camping-fishing-wood-chairs,"34"" 2 pcs Folding Camping Fishing Wood Chairs",USCHW54986-BE,63.58
set-of-4-folding-sling-chairs-with-armrest,Set of 4 Folding Sling Chairs with Armrest,USCHW54417,86.31
laptop-desk-table-tray-shelf-holder,Laptop Desk Table Tray Shelf Holder,USCHW51814,46.53
outdoor-patio-cushioned-rocking-bench-loveseat,Outdoor Patio Cushioned Rocking Bench Loveseat,USCHW51783,151.08
9-ft-half-round-patio-umbrella-sunshade,9 ft Half Round Patio Umbrella Sunshade,USCOP2954TN,31.76
outdoor-steel-bench-slat-back-seat,Outdoor Steel Bench Slat Back Seat,USCHW51788,76.08
ergonomic-mesh-computer-office-chair,Ergonomic Mesh Computer Office Chair,USCCB10061BK,44.26
2-pcs-folding-recliner-zero-gravity-lounge-chair,2 pcs Folding Recliner Zero Gravity Lounge Chair,USCOP3026-2-BE,82.9
glass-top-metal-frame-computer-desk-w-drawers,Glass Top Metal Frame Computer Desk w/ Drawers,USCHW56302,141.99
home-office-l-shaped-corner-study-computer-desk,Home Office L-Shaped Corner Study Computer Desk,USCHW56370,101.08
set-of-two-outdoor-rattan-wicker-bar-chairs,Set of Two Outdoor Rattan Wicker Bar Chairs,USCHW54952,119.26
patio-glider-rocking-2-person-outdoor-bench,Patio Glider Rocking 2 Person Outdoor Bench,USCOP3100,71.53
31-5-garden-wicker-square-table-with-glass-top,"31.5"" Garden Wicker Square Table with Glass Top",USCHW55028,70.4
black-computer-desk-work-station-with-drawer,Black Computer Desk Work Station with Drawer,USCHW54423,49.94
2-pcs-rattan-bar-stool-set-high-chairs,2 pcs Rattan Bar Stool Set High Chairs,USCHW52954,106.76
set-of-2-patio-folding-chairs,Set of 2 Patio Folding Chairs,USCHW52027,66.99
2-pcs-outdoor-patio-slat-chair-with-armrest,2 pcs Outdoor Patio Slat Chair with Armrest,USCHW51786,77.22
outdoor-patio-folding-chairs,Outdoor Patio Folding Chairs,USCHW54418,74.94
50-patio-black-decent-garden-bench,"50"" Patio Black Decent Garden Bench",USCOP3139,74.94
contemporary-decor-solid-armless-accent-chair,Contemporary Decor Solid Armless Accent Chair,USCHW52682-BE,97.68
modern-pu-leather-barrel-shaped-arm-chair-with-cushion,Modern PU Leather Barrel-shaped Arm Chair with Cushion,USCHW51505-BK,93.13
folding-pu-leather-futon-sofa-sleeper-bed,Folding PU Leather Futon Sofa Sleeper Bed,USCHW52674-BE,243.13
modern-big-seat-upholstered-arm-chair-sofa,Modern Big Seat Upholstered Arm Chair Sofa,USCHW52684-BE,120.4
modern-accent-leisure-pu-leather-single-sofa,Modern Accent Leisure PU Leather Single Sofa,USCHW53847-BK,147.68
kids-princess-armrest-chair-lounge-couch,Kids Princess Armrest Chair Lounge Couch,USCHW54192,96.53
bl-pi-kids-strawberry-armrest-chair-sofa,BL/PI Kids Strawberry Armrest Chair Sofa,USCHW54190-BE,94.27
modern-accent-leisure-linen-single-sofa,Modern Accent Leisure Linen Single Sofa,USCHW54041-BE,128.36
convertible-lounger-folding-sofa-sleeper-bed,Convertible Lounger Folding Sofa Sleeper Bed,USCHW52445-BK,106.77
kids-sofa-armrest-couch-with-a-footstool-2-colors,Kids Sofa Armrest Couch with A Footstool 2 Colors,USCHW52367-BE,52.22
upholstered-bedroom-entryway-armed-bench,Upholstered Bedroom Entryway Armed Bench,USCHW56290-BK,96.54
portable-far-infrared-sauna-with-chair,Portable Far Infrared Sauna with Chair,USCBA7176-BK,147.68
wood-padded-dressing-stool,Wood Padded Dressing Stool,USCHW53876,36.31
entryway-bamboo-storage-shoe-rack-bench,Entryway Bamboo Storage Shoe Rack Bench,USCHW56492,39.72
portable-2l-steam-sauna-with-chair,Portable 2L Steam Sauna with Chair,USCBA7175-CE,91.99
automatic-swimming-pool-cleaner-set-with-12-hoses,Automatic Swimming Pool Cleaner Set with 12 Hoses,USCCL11713,65.85
30-stainless-steel-wall-mount-range-hood-w-led-light,"30"" Stainless Steel Wall Mount Range Hood w/ LED Light",USCEP23345,126.08
automatic-swimming-pool-cleaner-set-with-10-hoses,Automatic Swimming Pool Cleaner Set with 10 Hoses,USCCL11714,130.62
3-2-cu-ft-retro-compact-refrigerator-w-freezer-interior-shelves-handle,3.2 Cu Ft Retro Compact Refrigerator w/ Freezer Interior Shelves Handle,USCEP23342-BK,184.04
microfiber-folding-sofa-couch-bed-2-colors,Microfiber Folding Sofa Couch Bed 2 Colors,USCHW51467-BE,152.22
electric-gummy-candy-maker-machine,Electric Gummy Candy Maker Machine,USCHW51742,22.67
5-pcs-wood-cheese-board-knife-set,5 pcs Wood Cheese Board Knife Set,USCKC42529,21.53
patio-wicker-ice-bucket-storage-cooler,Patio Wicker Ice Bucket Storage Cooler,USCHW54907,62.44
outdoor-patio-rattan-bar-wine-ice-cooler,Outdoor Patio Rattan Bar Wine Ice Cooler,USCHW55012,81.76
insect-shaped-kids-sofa-with-ottoman,Insect Shaped Kids Sofa with Ottoman,USCHW54196,51.08
pu-leather-recliner-sofa-with-folding-footrest,PU Leather Recliner Sofa with Folding Footrest,USCHW54790,229.49
21-ft-stainless-steel-swimming-pool-cover-reel,21 ft Stainless Steel Swimming Pool Cover Reel,USCOP2774,97.67
automatic-in-ground-above-ground-swimming-pool-cleaner,Automatic In Ground Above Ground Swimming Pool Cleaner,USCHW50179,77.22
five-fingers-baseball-glove-shaped-kids-sofa,Five Fingers Baseball Glove Shaped Kids Sofa,USCHW54191,68.12
football-shaped-kids-sofa-couch-with-ottoman,Football Shaped Kids Sofa Couch with Ottoman,USCHW54193,53.35
3l-stainless-steel-vertical-sausage-stuffer-maker,3L Stainless Steel Vertical Sausage Stuffer Maker,USCKC42156,53.35
3-6l-sausage-stuffer-maker-meat-filler-machine,3.6L Sausage Stuffer Maker Meat Filler Machine,USCKC42159,46.53
6l-10-lbs-sausage-stuffer-maker,6L 10 lbs Sausage Stuffer Maker,USCKC42157,57.9
10l-vertical-sausage-stuffer-2-speed-filler-meat-maker-machine-stainless-steel,10L Vertical Sausage Stuffer 2 Speed Filler Meat Maker Machine Stainless Steel,USCKC40431,176.08
4-8l-sausage-stuffer-maker-meat-filler-machine,4.8L Sausage Stuffer Maker Meat Filler Machine,USCKC42160,46.53
manual-pancake-batter-dispenser-perfect-cupcakes-waffles-mixer,Manual Pancake Batter Dispenser Perfect Cupcakes Waffles Mixer,USCKC39554,11.31
5-pcs-cheese-stainless-steel-knife-bamboo-cutting-board-set,5 pcs Cheese Stainless Steel Knife Bamboo Cutting Board Set,USCKC42530,27.22
5-pcs-stainless-steel-cheese-knife-set,5 pcs Stainless Steel Cheese Knife Set,USCKC42528,18.12
12-high-efficiency-semi-auto-commercial-meat-slicer,"12"" High-efficiency Semi-auto Commercial Meat Slicer",USCEP22681,302.22
4-tiers-stainless-steel-chocolate-fondue-fountain,4 Tiers Stainless Steel Chocolate Fondue Fountain,USCHW51743,38.58
48-upholstered-pu-leather-wood-bench-entryway-ottoman,"48"" Upholstered PU Leather Wood Bench Entryway Ottoman",USCHW52780GR,74.94
folding-multi-functional-3-tier-ladder-wood-step-stool,Folding Multi-functional 3-tier Ladder Wood Step Stool,USCHW55009,46.53
45-rolled-arms-upholstered-wood-leg-bench-seat-chair,"45"" Rolled Arms Upholstered Wood Leg Bench Seat Chair",USCHW56297,106.76
2-in-1-upholstered-storage-bench-ottoman,2-in-1 Upholstered Storage Bench Ottoman,USCHW51958,64.72
3-tier-wooden-shoe-rack-storage-bench,3-Tier Wooden Shoe Rack Storage Bench,USCHW54915,34.03
pu-leather-storage-bench-ottoman,PU Leather Storage Bench Ottoman,USCHW55567,97.67
1800-w-single-burner-electric-induction-cooker,1800 W Single Burner Electric Induction Cooker,USCEP23106,51.08
electric-induction-cooker-single-burner-digital-hot-plate,Electric Induction Cooker Single Burner Digital Hot Plate,USCEP23105,51.08
costway-stainless-steel-ice-maker-w-48-lbs-productivity,Costway Stainless Steel Ice Maker w/ 48 lbs Productivity,USCEP23346,178.35
infrared-wooden-dry-spa-foot-sauna-w-carbon-fiber-heaters,Infrared Wooden Dry Spa Foot Sauna w/ Carbon Fiber Heaters,USCBA7247,162.44
6-6-lbs-black-square-non-stick-electric-grill,6.6 lbs Black Square Non Stick Electric Grill,USCHW55166,54.49
1000-w-precision-immersion-circulator-cooker-machine-w-led-display,1000 W Precision Immersion Circulator Cooker Machine w/ LED Display,USCEP23357US,63.58
electric-wine-opener-corkscrew-opener-with-foil-cutter-led-light,Electric Wine Opener Corkscrew Opener with Foil Cutter LED Light,USCEP23085,21.53
43-fabric-upholstered-bed-bench-w-wood-leg,"43"" Fabric Upholstered Bed Bench w/ Wood Leg",USCHW56832,98.81
53-5-rolled-arm-padded-bed-bench,"53.5"" Rolled Arm Padded Bed Bench",USCHW56834,120.4
2-tier-solid-wood-folding-step-stool,2-Tier Solid Wood Folding Step Stool,USCHW54219,37.44
wood-cushioned-dressing-stool,Wood Cushioned Dressing Stool,USCHW53877,45.4
3l-draft-beer-tower-dispenser-with-led-lights,3L Draft Beer Tower Dispenser with LED Lights,USCKC25944-5,31.76
giant-inflatable-leisure-flamingo-pool-float,Giant Inflatable Leisure Flamingo Pool Float,USCOP3060,24.94
inflatable-leisure-giant-ridable-float-swan,Inflatable Leisure Giant Ridable Float Swan,USCOP2819,22.67
1-7-cu-ft-mini-cold-rolled-sheet-refrigerator,1.7 cu. ft. Mini Cold-rolled Sheet Refrigerator,USCEP22752-BK,114.72
potato-french-fry-fruit-vegetable-cutter-slicer-w-4-blades,Potato French Fry Fruit Vegetable Cutter Slicer w/ 4 Blades,USCKC33860,80.62
120-can-beverage-mini-refrigerator-w-glass-door,120 Can Beverage Mini Refrigerator w/ Glass Door,USCEP23232,248.81
1500-w-2-0-l-electric-glass-kettle-with-blue-led-light,1500 W 2.0 L Electric Glass Kettle with Blue LED Light,USCEP22271,29.49
1500-w-1-8-l-stainless-steel-electric-kettle-heater,1500 W 1.8 L Stainless Steel Electric Kettle Heater,USCEP22314,24.94
3-2-cu-ft-compact-stainless-steel-refrigerator,3.2 cu ft. Compact Stainless Steel Refrigerator,USCEP22672-GY,190.86
pink-electric-cotton-candy-machine,Pink Electric Cotton Candy Machine,USCEP22595,160.17
outdoor-portable-rattan-cooler-cart-trolley,Outdoor Portable Rattan Cooler Cart Trolley,USCHW52974,147.67
1-8-cu-ft-compact-mini-refrigerator-and-freezer,1.8 Cu. Ft. Compact Mini Refrigerator and Freezer,USCEP22302,103.35
3-2-cu-ft-mini-dorm-compact-refrigerator,3.2 Cu.Ft. Mini Dorm Compact Refrigerator,USCEP22680-BK,147.68
professional-electric-2-stage-knife-sharpener,Professional Electric 2 Stage Knife Sharpener,USCKC38440,27.22
bamboo-bathroom-free-standing-storage-rack-shelf,Bamboo Bathroom Free Standing Storage Rack Shelf,USCHW56612,49.94
72-h-bathroom-free-standing-floor-storage-shelving-cabinet,"72"" H Bathroom Free Standing Floor Storage Shelving Cabinet",USCHW56613,76.08
free-standing-bamboo-towel-rack-with-bottom-shelf,Free Standing Bamboo Towel Rack with Bottom Shelf,USCHW56611,36.31
media-entertainment-console-tv-cabinet-stand-w-drawer,Media Entertainment Console TV Cabinet Stand w/ Drawer,USCHW56762CF,90.85
2-in-1-freestanding-wall-mounted-electric-towel-warmer,2-in-1 Freestanding Wall Mounted Electric Towel Warmer,USCHW54905,68.12
heating-radiant-fire-tower-infrared-electric-quartz-heater,Heating Radiant Fire Tower Infrared Electric Quartz Heater,USCEP22618,51.08
set-of-6-folding-fabric-upholstered-metal-chairs,Set of 6 Folding Fabric Upholstered Metal Chairs,USCHW54166,140.85
dark-brown-ergonomic-mid-back-office-chair,Dark Brown Ergonomic Mid-Back Office Chair,USCHW51446,90.85
yellow-mig-130-automatic-feed-welding-machine-w-free-mask,Yellow MIG 130 Automatic Feed Welding Machine w/ Free Mask,USCET1134,107.9
mig-130-welder-flux-core-wire-automatic-feed-welding-machine-w-free-mask,MIG 130 Welder Flux Core Wire Automatic Feed Welding Machine w/ Free Mask,USCET1134BK,107.9
heavy-duty-1-air-impact-wrench-gun-long-shank-commercial-truck-mechanics-w-case,"Heavy Duty 1"" Air Impact Wrench Gun Long Shank Commercial Truck Mechanics w/Case",USCET1130,151.08
12v-rc-led-lights-battery-powered-kids-riding-car,12V RC LED Lights Battery Powered Kids Riding Car,USCTY324109-BK,143.13
12-v-ferrari-f12-red-kids-ride-on-car-w-rc-mp3,12 V Ferrari F12 Red Kids Ride on Car w/ RC + MP3,USCTY558753,231.76
portable-baby-feeding-booster-safe-folding-high-chair,Portable Baby Feeding Booster Safe Folding High Chair,USCBB4748-BK,112.45
3-in-1-lift-top-coffee-table-w-hidden-storage-compartment-and-shelf,3 in 1 Lift Top Coffee Table w/ Hidden Storage Compartment and Shelf,USCHW56770+,209.04
sliding-top-trunk-coffee-table-with-hidden-compartment-2-drawers,Sliding Top Trunk Coffee Table with Hidden Compartment & 2 Drawers,USCHW56761CF,165.85
square-sofa-side-coffee-tea-table-with-storage-shelf,Square Sofa Side Coffee Tea Table with Storage Shelf,USCHW56759CF,43.12
rectangular-cocktail-coffee-table-w-storage-shelf,Rectangular Cocktail Coffee Table w/ Storage Shelf,USCHW56758CF,49.94
round-rattan-wicker-coffee-table-with-lower-shelf,Round Rattan Wicker Coffee Table with Lower Shelf,USCHW54856,47.67
living-room-rectangular-glass-wood-coffee-table-with-shelf,Living Room Rectangular Glass Wood Coffee Table with Shelf,USCHW52022,64.72
sofa-end-table-coffee-side-table-with-glass-top,Sofa End Table Coffee Side Table with Glass Top,USCHW54104,38.58
2-tiers-wood-metal-rolling-coffee-table,2 Tiers Wood Metal Rolling Coffee Table,USCHW54478,93.12
set-of-4-stackable-tolix-style-dining-chairs,Set of 4 Stackable Tolix Style Dining Chairs,USCHW55615-BK,114.72
set-of-2-armless-dining-chairs,Set of 2 Armless Dining Chairs,USCHW54100,94.26
patio-adjustable-aluminum-folding-back-rattan-recliner-chair,Patio Adjustable Aluminum Folding Back Rattan Recliner Chair,USCOP3415,72.67
set-of-2-high-back-armless-dining-chairs,Set of 2 High Back Armless Dining Chairs,USCHW54095,97.67
garden-folding-rattan-aluminum-recliner-chair,Garden Folding Rattan Aluminum Recliner Chair,USCOP3416,87.44
4-pcs-outdoor-patio-steel-table-chairs,4 pcs Outdoor Patio Steel Table Chairs,USCHW52143+,172.68
wall-mounted-mirrored-storage-jewelry-cabinet,Wall Mounted Mirrored Storage Jewelry Cabinet,USCHW56221,47.67
wall-mounted-mirrored-jewelry-armoire-storage-organizer,Wall Mounted Mirrored Jewelry Armoire Storage Organizer,USCHW54414,64.72
door-mounted-lockable-mirrored-jewelry-cabinet-w-2-drawers,Door Mounted Lockable Mirrored Jewelry Cabinet w/ 2 Drawers,USCHW54413,86.31
wooden-wine-holder-bottle-rack-for-120-bottles,Wooden Wine Holder Bottle Rack for 120 Bottles,USCHW51153,91.99
16-professional-12-channel-dj-karaoke-music-mixer,"16"" Professional 12 Channel DJ karaoke Music Mixer",USCEP22409,293.12
12-professional-12-channel-dj-karaoke-music-mixer,"12"" Professional 12 Channel DJ karaoke Music Mixer",USCEP22410,172.67
set-of-2-rattan-patio-cushioned-chairs,Set of 2 Rattan Patio Cushioned Chairs,USCHW51577,119.26
heart-shaped-printed-armrest-children-couch-2-colors,Heart-shaped Printed Armrest Children Couch 2 Colors,USCHW52370-BE,52.22
3-pack-replacement-water-filter-for-water-filtration-pitchers,3 Pack Replacement Water Filter for Water Filtration Pitchers,USCKC42420,13.58
14-5-cup-capacity-water-pitcher-filter,14.5 Cup Capacity Water Pitcher Filter,USCKC42418-BE,27.22
2-doors-3-4-cu-ft-unit-cold-rolled-sheet-compact-mini-refrigerator,2 Doors 3.4 cu ft. Unit Cold-rolled Sheet Compact Mini Refrigerator,USCEP22756-BK,201.08
wooden-shoe-bench-boot-storage-shelf,Wooden Shoe Bench Boot Storage Shelf,USCHW53047color-BK,38.58
goplus-portable-inflatable-bubble-massage-spa,Goplus Portable Inflatable Bubble Massage Spa,USCOP3244-BE,345.4
built-in-stainless-steel-commercial-ice-maker-portable-ice-machine-restaurant,Built-In Stainless Steel Commercial Ice Maker Portable Ice Machine Restaurant,USCEP21967,734.03
4-x-12-in-ground-swimming-pool-safety-fence,4' x 12' In-ground Swimming Pool Safety Fence,USCOP3189,96.53
16-bottles-wine-cooler-fridge-cellar-storage-holder,16 Bottles Wine Cooler Fridge Cellar Storage Holder,USCHW52043,130.62
shoe-bench-hallway-entryway-storage-rack-w-cushion-seat,Shoe Bench Hallway Entryway Storage Rack w/ Cushion Seat,USCHW56183-BK,60.18
2-tier-bamboo-shoe-rack-storage-bench,2-Tier Bamboo Shoe Rack Storage Bench,USCHW52611,32.9
1500w-electric-air-fryer-cooker-with-rapid-air-circulation-system,1500W Electric Air Fryer Cooker with Rapid Air Circulation System,USCEP22270-BK,70.4
16-pieces-non-stick-cooking-kitchen-cookware-set,16 Pieces Non Stick Cooking Kitchen Cookware Set,USCKC41558,48.81
compact-3-2-cu-ft-single-door-small-refrigerator,Compact 3.2 cu. ft. Single Door Small Refrigerator,USCEP22753-BK,149.95
1400-w-electric-air-fryer-with-digital-touch-screen,1400 W Electric Air Fryer with Digital Touch Screen,USCEP23050,86.31
1-5l-stainless-steel-vertical-sausage-stuffer-maker,1.5L Stainless Steel Vertical Sausage Stuffer Maker,USCKC42155,46.53
22-outdoor-metal-firepit-backyard-patio-round-stove,"22"" Outdoor Metal Firepit Backyard Patio Round Stove",USCHW52966,41.99
1800-w-metal-single-burner-electric-induction-cooker,1800 W Metal Single Burner Electric Induction Cooker,USCEP23107,151.08
8-piece-non-stick-cookware-set,8-Piece Non-Stick Cookware Set,USCKC40589,37.44
32-round-metal-firepit-patio-garden-stove,"32"" Round Metal Firepit Patio Garden Stove",USCHW53885,74.94
5-stage-ultra-safe-reverse-osmosis-drinking-water-filter,5-Stage Ultra Safe Reverse Osmosis Drinking Water Filter,USCEP23152,140.85
outdoor-bbq-charcoal-grill-with-smoker,Outdoor BBQ Charcoal Grill with Smoker,USCOP2795,88.58
800w-led-display-thermal-immersion-sous-vide-precision-cooker,800W LED Display Thermal Immersion Sous Vide Precision Cooker,USCEP23288,72.67
4-3-qt-550-w-tilt-head-stainless-steel-bowl-electric-food-stand-mixer,4.3 Qt 550 W Tilt-Head Stainless Steel Bowl Electric Food Stand Mixer,HW56218-BK,114.72
32-square-metal-firepit-garden-stove-outdoor-fire-pit,"32"" Square Metal Firepit Garden Stove Outdoor Fire Pit",HW53888,81.77
1500-w-4-8-quart-electric-lcd-touch-screen-timer-air-fryer,1500 W 4.8 Quart Electric LCD Touch Screen Timer Air Fryer,USCEP23109-BK,107.9
set-of-2-tufted-upholestered-armless-dining-chair-with-wood-legs,Set of 2 Tufted Upholestered Armless Dining Chair with Wood Legs,USCHW56678GR,132.9
black-glass-top-metal-leg-study-computer-desk,Black Glass Top Metal Leg Study Computer Desk,USCHW54724-Black,44.26
pu-leather-high-back-executive-swivel-office-chair,PU Leather High Back Executive Swivel Office Chair,USCHW56602,101.08
nature-generator-plan-package,Natureâ€™s Generator Platinum package,USHJ001Platinum,1988.16
nature-generator,Nature generator Gold package,USHJ001Gold,990.72
wood-tv-stand-console-cabinet-for-45-tv,"Wood TV Stand Console Cabinet for 45"" TV",USCHW56274,127.22
5-colors-kitchen-silicone-cleaning-brush,5 colors kitchen silicone cleaning brush,USHYK7147,11.56
green-plastic-silicone-folding-cup,Green Plastic Silicone Folding Cup,USHYJ1376-GN,10.01
mini-plastic-household-plastic-bag-sealing-machine,Mini plastic household plastic bag sealing machine,USHYB1393,9.9
security-table-angle-nbr-safety-case,Security Table Angle NBR Safety Case,USHYJ4768,7.75
plastic-8-hole-tie-belt-rack,Plastic 8 hole tie belt rack,USHYK0414-BU,9.82
metal-hanging-rack,Metal Hanging Rack,USHYJ4756,14.68
alloy-anti-theft-password-lock,Alloy anti - theft password lock,USHYJ3231,12.89
european-style-sequins-pillowcase,European-style sequins pillowcase,USHY97943-SR,11.17
canvas-travelling-use-outdoor-pet-backpack,Canvas travelling use outdoor pet backpack,USHYC0770,17.84
random-color-4-size-plastic-weaving-tools,Random Color 4-Size  Plastic Weaving tools,USHY1509WJJ00013,12.56
disposable-transfer-plastic-1pack-for-100-pcs-pp-dropper,Disposable Transfer Plastic 1Pack for 100 pcs PP dropper,USHYK7105-1A,12.89
handled-stainless-pressed-coffee-powder-machine,Handled Stainless Pressed Coffee Powder Machine,USHYA0258,27.93
airplane-travel-accessories-comfortable-2-colors-u-shape-travel-pillow,Airplane Travel Accessories Comfortable 2 Colors U-Shape Travel Pillow,USHYB3697-BU,10.97
multifunctional-portable-black-20pcs-lot-and-gray-plastic-clothes-clips,Multifunctional  Portable Black 20pcs/lot and gray plastic clothes clips,USHYJ4760,7.5
wall-mounted-towel-rack-rail-holder,Wall Mounted Towel Rack Rail Holder,USCBA7004,21.53
portable-standard-game-wooden-chess-set-15-with-hand-carved-board-box,Portable Standard Game Wooden Chess  set 15'' with Hand Carved Board Box,USCSP35234,21.53
black-office-chair,Black Office Chair,USCHW50278,74.94
black-pu-leather-high-back-office-chair-executive-ergonomic-computer-desk-task,Black PU Leather High Back Office Chair Executive Ergonomic Computer Desk Task,USCHW50278,74.94
height-adjustable-shower-chair,Height Adjustable Shower Chair,USCBA7006,52.22
black-pu-leather-high-back-office-chair,Black PU Leather High Back Office Chair,USCHW50414,74.94
brown-swivel-bar-stool,Brown Swivel Bar Stool,USCHW50129BN,44.26
office-chair-black,Office Chair Black,USCCB10060,46.53
new-pu-leather-high-back-desk-office-chair-executive-ergonomic-computer-task,New PU Leather High Back Desk Office Chair Executive Ergonomic Computer Task,USCHW50277,87.44
black-mid-back-sled-base-guest-visitor-chair-office-desk-side-chair,Black Mid Back Sled Base Guest Visitor Chair Office Desk Side Chair,USCHW50416,57.9
4pcs-wicker-cushioned-patio-rattan-furniture-set-sofa-5-seat,4PCS Wicker Cushioned Patio Rattan Furniture Set Sofa 5 Seat,USCHW50099-NEW,640.85
24-x-30-stainless-steel-food-prep-table-with-backsplash,"24"" x 30"" Stainless Steel Food Prep Table with Backsplash",USCTL31500,86.31
24-x-30-x-36-stainless-steel-food-prep-table,"24"" x 30"" x 36"" Stainless Steel Food Prep Table",USCTL31497,79.49
24-x-48-x-36-stainless-steel-food-prep-table,"24"" x 48"" x 36"" Stainless Steel Food Prep Table",USCTL31498,96.53
adjustable-vintage-bar-stool,Adjustable Vintage Bar Stool,USCHW51305,54.49
24-x-72-stainless-steel-commercial-kitchen-food-prep-table,"24"" x 72"" Stainless Steel Commercial Kitchen Food Prep Table",USCTL31499,156.76
cappuccino-wooden-sofa-end-table-side-table,Cappuccino Wooden Sofa End Table Side Table,USCHW51532,38.58
beechwood-nightstand-accent-end-table,Beechwood Nightstand Accent End Table,USCHW51531,49.94
wooden-wine-cabinet-bottle-rack-for-20-bottles,Wooden Wine Cabinet Bottle Rack for 20 Bottles,USCHW51149,70.4
espresso-wooden-sofa-end-table-side-table,Espresso Wooden Sofa End Table Side Table,USCHW51530,36.31
wooden-bottle-rack-wine-display-shelves-for-72-bottles,Wooden Bottle Rack Wine Display Shelves for 72 Bottles,USCHW51130,62.44
80-x-60-x-3-memory-foam-mattress-topper,"80"" x 60"" x 3"" Memory Foam Mattress Topper",USCHT0899,96.53
23-1-2-aluminum-stainless-steel-round-table-patio-bar-pub-restaurant,"Aluminum Stainless Steel Round Table 23 1/2""",USCOP2796,36.31
tall-wooden-sofa-end-table-side-table,Tall Wooden Sofa End Table Side Table,USCHW51529,38.58
white-cushioned-vanity-stool-piano-seat,White Cushioned Vanity Stool Piano Seat,USCHB84672,36.31
guest-bed-with-mattress-casters-33-8,"Guest Bed with Mattress + Casters 33.8""",USCHW54086,111.31
4-drawers-rolling-storage-cart,4 Drawers Rolling Storage Cart,USCHW54070,52.22
3-tier-metal-storage-rack-baskets-shelf,3-Tier Metal Storage Rack Baskets Shelf,USCHW54069,32.9
black-lounge-armless-chair-chaise,Black Lounge Armless Chair Chaise,USCHW51508,143.12
kids-study-writing-desk-table-chair-set,Kids Study Writing Desk Table Chair Set,USCHW53820,43.12
foldable-layered-structure-computer-desk,Foldable Layered Structure Computer Desk,USCHW52806,62.44
26-solid-coffee-table-end-table,"Solid Coffee Table End Table 26""",USCHW54412,53.35
21-7-solid-coffee-table-end-table-1,"Solid Coffee Table End Table 21.7""",USCHW54411,41.99
6ft-portable-multipurpose-fold-table,6Ft Portable Multipurpose Fold Table,USCOP2966,61.31
pu-leather-ergonomic-high-back-executive-computer-desk-task-office-chair-black,PU Leather Ergonomic High Back Executive Computer Desk Task Office Chair Black,USCCB10053,81.76
modern-round-white-dining-table,Modern Round White Dining Table,USCHW54026,64.72
rolling-kitchen-island-trolley-cart-with-2-stools,Rolling Kitchen Island Trolley Cart with 2 Stools,USCHW53013,82.9
4-tier-bookshelf-display-shelf,Bookshelf Display Shelf 4-Tier,USCHW54023,60.17
3-tier-tempered-glass-top-tv-stand,3-Tier Tempered Glass Top TV Stand,USCHW54018,76.08
set-of-2-upholstered-dining-chairs,Set of 2 Upholstered Dining Chairs,USCHW53960,80.62
3-tier-entertainment-center-tv-stand-1,3-Tier Entertainment Center TV Stand,USCHW54017,68.12
modern-computer-desk-with-two-drawers-1,Modern Computer Desk with Two Drawers,USCHW54145,77.22
3-shelf-garden-working-bench,Garden Wooden Working Bench 3 Shelf,USCGT2974,91.99
outdoor-foldable-wood-adirondack-chair-patio-deck-garden-w-pull-out-ottoma,Outdoor Foldable Wood Adirondack Chair Patio Deck Garden w/ Pull-out ottoma,USCHW50295,74.94
garden-potting-bench,Garden Potting Bench Work Station Table,USCGT2973,51.08
4-tier-metal-storage-display-shelf-1,4-Tier Metal Storage Display Shelf,USCHW54118,24.94
7-9ft-oxford-fabric-cover,7.9ft Oxford Fabric Cover,USCOP3086,19.26
side-sofa-end-table-with-bottom-shelf,Side Sofa End Table with Bottom Shelf,USCHW54146,29.49
pool-chaise-lounge-chair-recliner-outdoor-patio-furniture-textilene-adjustable,Pool Chaise Lounge Chair Recliner Outdoor Patio Furniture Textilene Adjustable,USCHW49889,64.72
3-tier-metal-storage-display-shelf,3-Tier Metal Storage Display Shelf,USCHW54117,22.67
4pc-patio-furniture-set-cushioned-outdoor-wicker-rattan-garden-lawn-sofa-seat,4PC Patio Furniture Set Cushioned Outdoor Wicker Rattan Garden Lawn Sofa Seat,USCHW49298,187.44
3-tier-adjustable-storage-rack-display-shelf,Adjustable Storage Rack Display Shelf 3 Tiers,USCHW54068,30.62
3-piece-outdoor-rattan-furniture-sofa-set-1,Home Rattan Furniture Sofa Set 3 PCS,USCHW53977,207.9
goplus-outdoor-garden-patio-4-piece-cushioned-seat-mix-gray-wicker-sofa-furniture-set,Goplus Outdoor Garden Patio 4-Piece Cushioned Seat Mix Gray Wicker Sofa Furniture Set,USCHW50276,215.85
modern-coffee-table-side-table,Modern Coffee Table Side Table,USCHW54409,49.94
height-adjustable-pc-laptop-computer-desk,Height Adjustable PC Laptop Computer Desk,USCHW54015,124.94
4-pcs-rattan-wicker-folding-chairs,Rattan Wicker Folding Chairs 4PCS,USCHW52885,137.44
giantex-foldable-8-player-poker-table-casino-texas-holdem-folding-poker-play-table,Giantex Foldable 8 Player Poker Table Casino Texas Holdem Folding Poker Play Table,USCTY310280,104.49
modern-rectangle-coffee-table-end-table,Modern Rectangle Coffee Table End Table,USCHW54051,51.08
rural-style-kids-sofa,Rural Style Kids Sofa,USCHW54209,79.49
black-racing-car-style-office-chair,Black Racing Car Style Office Chair,USCHW53857,86.31
ergonomic-kids-sofa-manual-recliner,Ergonomic Kids Sofa Manual Recliner,USCHW54213,106.76
white-storage-cabinet-bathroom-organizer,White Storage Cabinet Bathroom Organizer,USCBA7138,56.76
55-computer-desk-writing-table-shelves,"55"" Computer Desk Writing Table Shelves",USCHW54058,111.31
white-bathroom-storage-cabinet,White Bathroom Storage Cabinet,USCHW53812,68.12
wooden-accent-leisure-sofa-arm-chair,Wooden Accent Leisure Sofa Arm Chair,USCHW54387,140.85
3-tier-rolling-storage-display-shelf,3-Tier Rolling Storage Display Shelf,USCHW54116,29.49
4ft-portable-multipurpose-fold-table,4Ft Portable Multipurpose Fold Table,USCOP2968,41.99
2-tier-rolling-storage-display-shelf,2-Tier Rolling Storage Display Shelf,USCHW54115,29.49
swivel-bar-stool-counter-height-chair-1,Swivel Bar Stool Counter Height Chair,USCHW52697,39.72
4-tier-wood-slat-storage-rack-display-shelving,4-Tier Wood Slat Storage Rack Display Shelving,USCHW54112,38.58
3-tier-wood-slat-storage-rack-display-shelving,3-Tier Wood Slat Storage Rack Display Shelving,USCHW54111,30.62
outdoor-picnic-folding-table-and-benches,Outdoor Picnic Folding Table and Benches,USCOP3091,81.76
swivel-bar-stool-counter-height-chair,Bar Swivel Stool Counter Height Chair,USCHW52696,39.72
quick-access-electronic-lock-safe-box,Quick Access Electronic Lock Safe Box,USCHW52256,64.72
heavy-duty-steel-5-level-garage-shelf-metal-storage-adjustable-shelves-unit-new,Heavy Duty Steel 5 Level Garage Shelf Metal Storage Adjustable Shelves Unit New,USCTL29394,61.31
set-of-2-folding-counter-bar-stools-pub-chairs,Set of 2 Folding Counter Bar Stools Pub Chairs,USCHW52692,63.58
set-of-2-modern-design-dining-chairs,Set of 2 Modern Design Dining Chairs,USCHW53761,99.94
34-square-folding-banquet-picnic-table,"Square Folding Banquet Picnic Table 34""",USCOP3090,53.35
black-foldable-cube-ottoman-pouffe-storage-seat,Black Foldable Cube Ottoman Pouffe Storage Seat,USCHW47908BK,34.03
set-of-2-accent-dining-chairs-with-wood-legs,Set of 2 Accent Dining Chairs with Wood Legs,USCHW53760,127.22
4-portable-folding-rattan-table,4' Portable Folding Rattan Table,USCOP3088,43.12
6-portable-folding-rattan-table,Portable Folding Rattan Table,USCOP3087,62.44
brown-electric-lift-chair-recliner,Brown Electric Lift Chair Recliner,USCHW54390,354.49
inspect-shape-kids-sofa-with-ottoman,Inspect Shape Kids Sofa with Ottoman,USCHW54196,51.08
12-led-solar-motion-sensor-light,Solar Power Motion Sensor Garden Light 12 LED,USCEP21974,11.31
coral-fleece-armrest-chair-kids-sofa,Coral Fleece Armrest Chair Kids Sofa,USCHW54195,63.58
set-of-3-fireplace-mantel-shelf,Set of 3 Fireplace Mantel Shelf,USCHW54060,31.76
wall-mounted-cross-display-shelf,Wall Mounted Cross Display Shelf,USCHW54059,27.22
beige-folding-storage-stool,Beige Folding Storage Stool,USCHW53969-light gray,23.49
rolling-heavy-duty-file-cabinet-1,Rolling Heavy Duty File Cabinet,USCHW54022,44.26
wooden-top-pc-laptop-computer-desk-1,Wooden Top PC Laptop Computer Desk,USCHW54021,86.31
aluminum-roll-up-table-folding-camping-outdoor-indoor-picnic-w-bag-heavy-duty,Folding Aluminum Outdoor Camping Picnic Table,USCOP2789,35.17
tempered-glass-pc-laptop-computer-desk,Tempered Glass PC Laptop Computer Desk,USCHW54016,91.99
adjustable-cushioned-outdoor-lounge-chair,Adjustable Cushioned Outdoor Lounge Chair,USCHW53958,141.99
spacious-wooden-pc-laptop-computer-desk,Spacious Wooden PC Laptop Computer Desk,USCHW53854,68.12
wooden-pc-laptop-computer-desk-2,Wooden PC Laptop Computer Desk White,USCHW53853,72.67
2-pcs-mini-air-purifier-ionizer,2 PCS Mini Air Purifier Ionizer,USCEP20412,46.53
wall-mount-folding-storage-shelf-rack,Wall Mount Folding Storage Shelf Rack,USCHW53788,30.62
6-piece-u-shape-folding-chairs,6-piece U-Shape Folding Chairs,USCHW54398,77.22
rolling-pc-laptop-computer-desk,Rolling PC Laptop Computer Desk,USCHW53851,47.67
convertible-pine-wood-baby-toddler-bed,Convertible Pine Wood Baby Toddler Bed,USCBB4616,176.08
1-pc-adjustable-swivel-bentwood-bar-stool,Adjustable Swivel Bentwood Bar Stool,USCHW53727,91.99
kids-sofa-princess-armrest-chair,Kids Sofa Princess Armrest Chair,USCHW54192,96.53
child-pod-swing-chair-tent-nook-indoor-outdoor-hanging-seat-hammock-kids,Child Pod Swing Hanging Chair,USCOP3006-Blue,28.49
kids-sofa-five-finger-armrest-chair,Kids Sofa Five Finger Armrest Chair,USCHW54191,68.12
kids-sofa-chair-couch-children-toddler,Kids Sofa Chair Couch Children Toddler,USCHW54193,53.35
queen-size-folding-steel-bed-frame-10-legs,Queen Size Folding Steel Bed Frame 10 Legs,USCHW53980-,131.76
3-piece-table-chair-set,3 Piece Table Chair Set,USCHW52882-Blue,85.99
foldable-computer-desk,Foldable Computer Desk,USCHW53471,62.44
black-computer-desk-home-office-furniture,Black Computer Desk Home Office Furniture,USCHW53470,47.67
pu-leather-tufted-barstool-pub-chair,PU Leather Tufted Barstool Pub Chair,USCHW53726,64.72
24w-led-grow-light-plant-bulb,24W LED Grow Light Plant Bulb,USCGT2942,22.67
white-simple-vanity-makeup-dressing-table-with-mirror-3-drawers,White Simple Vanity Makeup Dressing Table with Mirror + 3 Drawers,USCHB84003,141.99
tempered-glass-coffee-table-42-0-x-19-7,"Tempered Glass Coffee Table 42.0"" x 19.7""",USCHW53971,153.35
2-pcs-height-adjustable-round-bar-tables,2 pcs Height Adjustable Round Bar Tables,USCHW52760-2,73.81
set-of-2-black-adjustable-swivel-bar-stools,Set of 2 Black Adjustable Swivel Bar Stools,USCHW51715-2BK,84.03
swivel-bentwood-bar-stool-counter-height-chair,Swivel Bentwood Bar Stool Counter Height Chair,USCHW52776,76.08
height-adjustable-round-bar-table,Height Adjustable Round Bar Table,USCHW52760,49.94
modern-swivel-bentwood-bar-stool-pub-chair,Modern Swivel Bentwood Bar Stool Pub Chair,USCHW52775,76.08
set-of-2-modern-bentwood-swivel-bar-stools,Set of 2 Modern Bentwood Swivel Bar Stools,USCHW52774,93.12
patio-foldable-chaise-lounge-chair-bed,Patio Foldable Chaise Lounge Chair Bed,USCOP3069,39.72
24-x-36-stainless-steel-commercial-kitchen-food-prep-table,"24"" x 36"" Stainless Steel Commercial Kitchen Food Prep Table",USCTL30203,90.85
executive-office-chair-swivel-height-adjustable,Executive Office Chair Swivel Height Adjustable,USCHW52772,74.94
set-of-2-pu-leather-bentwood-swivel-bar-stools,Set of 2 PU Leather Bentwood Swivel Bar Stools,USCHW52770,70.4
patio-orange-slat-steel-outdoor-square-dining-table-furniture-garden-deck,Patio Orange Slat Steel Outdoor Square Dining Table Furniture Garden Deck,USCHW51787,98.81
12w-led-grow-light-plant-bulb,12W LED Grow Light Plant Bulb,USCGT2941,18.12
adjustable-laptop-desk-with-stand-holder-and-wheels,Adjustable Laptop Desk With Stand Holder And Wheels,USCHW51815,32.9
spreader-fertilizer-broadcast-cart,Spreader Fertilizer Broadcast Cart,USCGT2934,57.9
set-of-2-modern-accent-fabric-dining-chairs,Set of 2 Modern Accent Fabric Dining Chairs,USCHW52836-Beige,116.49
corner-computer-desk-l-shaped-workstation,Corner Computer Desk L-Shaped Workstation,USCHW51723,122.67
wooden-raised-vegetable-planter,Wooden Raised Vegetable Planter,USCGT2936,94.26
34-square-multipurpose-camping-portable-card-folding-banquet-table,"Portable Square Camping Card Banquet Table 34""",USCOP2955,57.9
3-tier-raised-garden-bed-elevated,Wooden Raised Vegetable Garden Bed Elevated 3 Tiers,USCGT2937,69.26
3-piece-folding-table-chair-set,3 Piece Folding Table Chair Set,USCOP3082,98.81
folding-table-chair-furniture-set,Folding Table Chair Furniture Set,USCOP3081,85.17
set-of-2-swivel-bar-stools-rotatable-chairs,Set of 2 Swivel Bar stools Rotatable Chairs,USCHW51779,59.03
6-panel-room-divider-furniture,Classic Room Divider Furniture 6 Panel,USCHW53906,170.4
set-of-2-adjustable-swivel-bar-stools-pub-chairs,Set of 2 Adjustable Swivel Bar Stools Pub Chairs,USCHW53839-Red,70.99
3-rect-box-shelf,3 Rect Box Shelf,USCHW53011,22.67
large-corner-mdf-zig-zag-wall-shelf,Large Corner MDF Zig Zag Wall Shelf,USCHW53009-White,34.49
set-of-2-adjustable-vintage-bar-stools,Set of 2 Adjustable Vintage Bar Stools,USCHW53864,96.53
black-and-white-high-back-racing-car-style-gaming-chair,Black and White High-Back Racing Car Style Gaming Chair,USCHW51422,80.62
computer-desk-writing-laptop-table,Computer Desk Writing Laptop Table,USCHW52846,70.4
executive-leisure-chair-recliner-with-ottoman,Executive Leisure Chair Recliner with Ottoman,USCHW51971,113.58
laptop-desk-workstation,Laptop Desk Workstation,USCHW52723,55.62
3-pcs-folding-steel-mesh-outdoor-patio-table-chair-garden-backyard-furniture-set,Folding Table and Chair Set,USCHW51792,81.76
adjustable-angle-height-rolling-laptop-table,Adjustable Angle & Height Rolling Laptop Table,USCHW52024,31.76
3pcs-outdoor-bistro-round-table-chair-furniture-set-garden-lawn-coffee-table,3Pcs Outdoor Bistro Round Table Chair Furniture Set Garden Lawn Coffee Table,USCHW51789-Red,107
brown-coffee-table-with-extra-shelf,Brown Coffee Table with Extra Shelf,USCHW53075,49.94
black-coffee-table-with-extra-shelf,Black Coffee Table with Extra Shelf,USCHW53074,45.4
mid-back-adjustable-ergonomic-mesh-swivel-computer-office-desk-task-chair,Mid-back Adjustable Ergonomic Mesh Swivel Computer Office Desk Task Chair,USCCB10062,43.12
white-metal-framed-coffee-table-end-table,White Metal Framed Coffee Table End Table,USCHW53073,64.72
5pcs-brown-cushioned-ottoman-rattan-patio-set,5PCS Brown Cushioned Ottoman Rattan Patio Set,USCHW51761DBN-,353.35
black-wooden-coffee-table-end-table,Black Wooden Coffee Table End Table,USCHW53070,39.72
4-pack-60w-filament-bulb,4 Pack 60W Filament Bulb,USCEP22382,13.58
3-tier-rolling-kitchen-trolley-cart,3-Tier Rolling Kitchen Trolley Cart,USCHW50183,47.67
natural-wine-holder-bottle-rack-for-12-bottles,Natural Wine Holder Bottle Rack for 12 Bottles,USCHW52726,29.49
single-door-storage-cabinet-cupboard,Single Door Storage Cabinet Cupboard,USCHW51991,45.4
wine-cabinet-bottle-rack-for-12-bottles,Wine Cabinet Bottle Rack for 12 Bottles,USCHW52729,72.67
cast-aluminum-outdoor-patio-furniture-tulip-design-bistro-set-in-antique-copper,Cast Aluminum Outdoor Patio Furniture Tulip Design Bistro Set in Antique Copper,USCHW49512,106.76
wooden-computer-desk-with-2-tier-shelves,Wooden Computer Desk with 2-Tier Shelves,USCHW52845,70.4
4-tiers-portable-trolley-cart-with-wheels,4 Tiers Portable Trolley Cart with Wheels,USCHW53827,22.67
digital-electronic-large-safe-box-keypad-lock,Digital Electronic Large Safe Box Keypad Lock,USCHW48025,76.08
4-pc-rattan-wicker-furniture-set,4 PC Rattan Wicker Furniture Set,USCHW53485,170.4
3-pcs-stacking-nesting-coffee-end-tables,Stacking Nesting Coffee End Tables 3 PCS,USCHW51986,52.22
digital-safe-box-depository,Digital Safe Box Depository,USCHW51993,107.9
4-tier-storage-shelves-computer-desk,Storage Shelves Computer Desk 4 Tiers,USCHW53789-Black,69.49
gray-steel-garden-bench-outdoor-backyard-lawn-slat-back-seat-furniture,Gray Steel Garden Bench Outdoor Backyard Lawn Slat Back Seat Furniture,USCHW51788,76.08
3pcs-steel-textilene-folding-coffee-table-2-chairs-set-bistro-garden-furniture,3pcs Steel Textilene Folding coffee table 2 chairs set Bistro Garden Furniture,USCHW51776,74.94
23x13x48-4-layer-steel-storage-rack-shelf,"Steel Storage Rack Shelf 4 Layers 23""x13""x48""",USCHW52993,41.99
computer-desk-w-3-tier-book-shelf,Computer Desk W/3-Tier Book Shelf,USCHW52844,49.94
32-1-2-patio-square-bar-dining-table-glass-deck-outdoor-furniture-garden-pool,"32 1/2"" Patio Square Bar Dining Table Glass Deck Outdoor Furniture Garden Pool",USCHW51791,49.94
multifunctional-folding-convertible-sofa-bed,Multifunctional Folding Convertible Sofa Bed,USCHW52674-Black,244.99
luxury-plaid-prints-bedding-8-2-piece-comforter-set,Luxury Plaid Prints Bedding 8+2 Piece Comforter Set,USCHT0611-full,64.99
foldable-zero-gravity-chair-lounge-recliner-w-sunshade-tray,Foldable Zero Gravity Chair Lounge Recliner w/ Sunshade+Tray,USCOP3007,41.99
double-person-hammock-travel-sleep-swing,Double Person Hammock Travel Sleep Swing,USCOP2858-Blue&Gray,18.99
set-of-2-bar-stools-round-seat-backless-furniture,Set of 2 Bar Stools Round Seat Backless Furniture,USCHW52900,64.72
set-of-2-backless-stools-dining-chairs,Set of 2 Backless Stools Dining Chairs,USCHW52898,47.67
3-tier-bathroom-shelf-bamboo-bath-storage,3-Tier Bathroom Shelf Bamboo Bath Storage,USCHW53034,37.44
white-rolling-kitchen-island-trolley-cart,White Rolling Kitchen Island Trolley Cart,USCHW53033,62.44
swivel-vintage-bar-stool,Swivel Vintage Bar Stool,USCHW52162,34.03
garden-outdoor-patio-heater-propane-standing,Garden Outdoor Patio Heater Propane Standing,USCHW48440-black,115.49
baby-changing-table-nursery-diaper-station-with-2-drawers,Baby Changing Table Nursery Diaper Station with 2 Drawers,USCHW51998,120.4
sofa-side-table-with-storage-baskets,Sofa Side Table with Storage Baskets,USCHW52157,21.53
modern-pu-leather-high-back-executive-office-desk-task-computer-chair-camo,Modern PU Leather High Back Executive Office Desk Task Computer Chair Camo,USCHW51845,91.99
pu-leather-high-back-executive-office-desk-task-computer-chair,PU Leather High Back Executive Office Desk Task Computer Chair,USCHW51844,86.31
5-pcs-outdoor-patio-garden-rattan-wicker-sofa-set,5 PCS Outdoor Patio Garden Rattan Wicker Sofa Set,USCHW51758DBK-,273.81
metal-wine-holder-bottle-rack-for-24-bottles,Metal Wine Holder Bottle Rack for 24 Bottles,USCHW52215,36.31
3pc-table-chair-set,3PC Table Chair Set,USCHW51711,85.17
metal-wine-holder-bottle-rack-for-16-bottles,Metal Wine Holder Bottle Rack for 16 Bottles,USCHW52214,27.22
50-white-paper-chinese-lanterns-sky-fire-fly-candle-lamp,50 White Paper Chinese Lanterns Sky Fire Fly Candle Lamp,USCGF28022WH,27.22
4-tiers-metal-microwave-oven-stand-baker-rack-with-casters,4 Tiers Metal Microwave Oven Stand Baker Rack with Casters,USCHW52210,45.4
3-pcs-bistro-set-garden-backyard-table-chairs,3 Pcs Bistro Set Garden Backyard Table Chairs,USCHW51582,76.08
4-tiers-steel-kitchen-trolley-cart-with-wine-shelf-176-lbs,4 Tiers Steel Kitchen Trolley Cart with Wine Shelf 176 lbs,USCHW52211,41.99
folding-table-chairs,Folding Table Chairs,USCHW51580,86.31
batter-dispenser-cupcake-pancake-baking-tool,Batter Dispenser Cupcake Pancake Baking Tool,USCKC39553,11.31
manual-pancake-batter-dispenser-perfect-cupcakes,Manual Pancake Batter Dispenser Perfect Cupcakes,USCKC39554,11.31
mid-back-executive-computer-chair,Mid-Back Executive Computer Chair,USCHW51421,48.81
2-in-1-wooden-shoe-cabinet-ottoman,2-in-1 Wooden Shoe Cabinet Ottoman,USCHW49316BK,53.35
black-manual-recliner-chair-sofa,Black Manual Recliner Chair Sofa,USCHW51431,187.44
vintage-vinyl-record-player-1,Vintage Vinyl Record Player,USCEP22705-110V,56.76
mount-metal-bracket-dlp-lcd-swivel-33lbs,Mount Metal Bracket DLP LCD Swivel 33lbs,USCTL32756,16.99
mount-metal-bracket-extendable-dlp-lcd-33lbs,Ceiling Projector Extendable Bracket,USCTL32757,21.53
78-x-42-x-34-black-steel-twin-size-bed-frame,"78"" x 42"" x 34"" Black Steel Twin Size Bed Frame",USCHW52380,93.12
4-channel-vhf-handheld-wireless-microphone-system,4 Channel VHF Handheld Wireless Microphone System,USCEP22407,128.35
double-hammock-with-space-saving-steel-stand,Double Hammock With Space Saving Steel Stand,USCOP2648,64.72
1080p-outdoor-amplified-antenna-digital,1080P Outdoor Amplified Antenna Digital,USCEP22609,36.31
83-x-43-x-42-black-twin-size-steel-bed-frame,"83"" x 43"" x 42"" Black Twin Size Steel Bed Frame",USCHW52381,104.49
16-12-channel-dj-karaoke-music-mixer-console,"16"" 12 Channel DJ karaoke Music Mixer Console",USCEP22409,293.12
set-of-2-patio-folding-chairs-adjustable-reclining-indoor-outdoor-garden-pool,Set of 2 Patio Folding Chairs Adjustable Reclining Indoor Outdoor Garden Pool,USCHW52027,66.99
3l-draft-beer-tower-dispenser,3L Draft Beer Tower Dispenser,USCKC25944-5,31.76
12-12-channel-dj-karaoke-music-mixer-console,"12"" 12 Channel DJ karaoke Music Mixer Console",USCEP22410,172.67
kids-electric-gummy-candy-maker-machine-bear,Kids Electric Gummy Candy Maker Machine Bear,USCHW51742,22.67
arm-full-motion-tilt-lcd-led-tv-wall-mount-bracket,Arm Full Motion Tilt LCD LED TV Wall Mount Bracket,USCTL32083,31.76
lcd-led-plasma-flat-tilt-tv-wall-mount-bracket,LCD LED Plasma Flat Tilt TV Wall Mount Bracket,USCTL32082,14.72
plasma-flat-tilt-tv-wall-mount-bracket,Plasma Flat Tilt TV Wall Mount Bracket,USCTL32039,18.12
tv-wall-mount-tilt-led-lcd-flat-screen,TV Wall Mount Tilt LED LCD Flat Screen,USCTL32038,22.67
650lb-garden-dump-cart-dumper-wagon-carrier,Garden Dump Cart Dumper Wagon Carrier 650LB,USCTL30681,71.53
arms-fully-adjustable-desk-mount-stand,Arms Fully Adjustable Desk Mount Stand,USCTL30201,45.4
studio-sound-recording-condenser-microphone,Sound Recording Condenser Microphone,USCEP22261,22.67
2-color-kids-sofa-armrest-chair-couch-childrens-living-room-toddler,2 Color Kids Sofa Armrest Chair Couch Childrens Living Room Toddler,USCHW52367-blue,58.99
audio-condenser-mic-microphone-studio-sound,Audio Condenser Mic Microphone Studio Sound,USCEP22260,26.08
18u-wall-mount-network-server-data-cabinet,18U Wall Mount Network Server Data Cabinet,USCEP21972-110V,137.44
15u-wall-mount-network-server-data-cabinet,15U Wall Mount Network Server Data Cabinet,USCEP21971-110V,120.4
fold-down-chair-flip-out-lounger-convertible-sleeper-bed-couch,Fold Down Chair Flip Out Lounger Convertible Sleeper Bed Couch,USCHW52445-Gray,103.49
3l-maker-filler-commercial-vertical-sausage-stuffer,3L Maker Filler Commercial Vertical Sausage Stuffer,USCKC38451,46.53
dual-band-two-way-radio-talkie,Dual Band Two Way Radio Talkie,USCEP20590,34.03
swivel-led-lcd-tv-wall-mount-bracket,Swivel LED LCD TV Wall Mount Bracket,USCTL31215,28.35
lcd-led-plasma-flat-flush-tv-wall-mount-bracket,LCD LED PLASMA FLAT FLUSH TV WALL MOUNT Bracket,USCTL26194,15.85
dual-monitor-arm-desk-table-mount-stand,Dual Monitor Arm Desk Table Mount Stand,USCTL31214,28.35
single-arm-monitor-desk-table-mount-stand,Single Arm Monitor Desk Table Mount Stand,USCTL31213,23.81
1050w-portable-handheld-steam-cleaner,1050W Portable Handheld Steam Cleaner,USCEP20819,24.94
lcd-led-plasma-tilt-tv-wall-mount-bracket,LCD LED Plasma Tilt TV Wall Mount Bracket,USCTL26193,11.31
wheeled-tv-stand-entertainment-center-media-console-storage-cabinet,Wheeled TV Stand Entertainment Center Media Console Storage Cabinet,USCHW52192,90.85
mid-century-modern-dining-chair-1,Mid Century Modern Dining Chair,USCHW52432,141.99
21-ft-stainless-steel-inground-solar-cover,21 Ft Stainless Steel Inground Solar Cover,USCOP2774,97.67
120-4-3-tripod-compact-screen-matte-white,"120"" 4:3 Tripod Compact Screen Matte White",USCHW47189,84.03
120-4-3-electric-screen-96x72-remote-control,"120"" 4:3 Electric Screen 96""x72"" Remote Control",USCHW47188,131.76
100-4-3-electric-screen-80x60-remote-control,"100"" 4:3 Electric Screen 80X60 Remote Control",USCHW44580,71.53
mid-century-modern-dining-chair,Mid Century Modern Dining Chair,USCHW52231,64.72
2pc-zero-gravity-chairs-lounge-patio-folding-recliner-outdoor-w-cup-holder,Foldable Zero Gravity Chairs Lounge W/Cup Holder 2PCS,USCOP3026-2-black,70.99
100-screen-square-70x70-stand-office,"100"" Screen Square 70x70 Stand Office",USCHW44579,53.35
sleep-contour-memory-foam-pillow,Sleep Contour Memory Foam Pillow,USCHT0892,19.26
45-in-1-precision-screw-driver-repair-tool,Precision Screw Driver Repair Tool 45 in 1,USCTL28611,9.03
120-4-3-screen-white-96x72,"120"" 4:3 Screen White 96""x72""",USCHW47190,71.53
100-16-9-screen-tripod-pull-up-matte-white,"100"" 16:9 Screen Tripod Pull-up Matte White",USCHW44581,68.12
119-screen-84x84-pull-down-movie-theater,"119"" Screen 84""X84"" Pull Down Movie Theater",USCHW44582,59.03
laser-stage-lighting-show-plug-led-lighting,Laser Stage Lighting Show Plug LED Lighting,USCEP20842,15.85
wall-mount-network-server-data-cabinet-rack,Wall Mount Network Server Data Cabinet Rack,USCEP21561-110V,90.85
battery-for-apc-ups-adt-alarm-wheelchair,"Battery for APC UPS, ADT, alarm wheelchair",USCEP21588,35.17
rechargeable-electric-motor-motorcycle-cycle,Rechargeable Electric Motor Motorcycle Cycle,USCEP21589,31.76
amplified-antenna-digital-hd-tv-150-mile,Amplified Antenna Digital HD TV 150 Mile,USCEP20799,28.35
composite-converter-adapter-s-video-box,Composite Converter Adapter S-video Box,USCEP20866,14.72
wireless-microphone-system-dual-handheld,Wireless Microphone System Dual Handheld,USCEP21658,20.4
lighting-digital-led-rgb-crystal-magic-ball,Lighting Digital LED RGB Crystal Magic Ball,USCPT6155,16.99
8gb-rechargeable-digital-audio-voice-recorder,8GB Rechargeable Digital Audio Voice Recorder,USCEP20837,18.12
wireless-bluetooth-stereo-music-audio-receiver,Wireless Bluetooth Stereo Music Audio Receiver,USCEP20598,13.58
double-size-hammock-quilted-fabric-with-pillow,Double Size Hammock Quilted Fabric With Pillow,USCOP1845,43.12
double-size-78x59-polyester-fabric-hammock,"Double Size 78""x59"" Polyester Fabric Hammock",USCOP1846,26.08
outdoor-adjustable-patio-pool-chaise-lounge,Outdoor Adjustable Patio Pool Chaise Lounge,USCHW50137BK-,411.31
pu-leather-executive-office-chair-high-back-ergonomic-computer-desk-task-1,PU Leather Executive Office Chair High Back Ergonomic Computer Desk Task,USCOP3025BE,49.94
3-piece-cushioned-patio-chairs-table-set,3 Piece Cushioned Patio Chairs Table Set,USCHW49296,136.31
wood-l-shape-corner-computer-desk,Wood L-Shape Corner Computer Desk,USCHW51233-,129.49
6-folding-plastic-bench,6'Folding Plastic Bench,USCOP2776,45.4
modern-high-back-pu-leather-deluxe-guest-office-accent-chair-furniture-black,Modern High Back PU Leather Deluxe Guest Office Accent Chair Furniture Black,USCHW52604,103.35
outdoor-garden-work-bench,Outdoor Garden Work Bench Station,USCGT2882,63.58
mordern-ergonomic-mid-back-executive-computer-desk-task-office-chair-black,Mordern Ergonomic Mid-Back Executive Computer Desk Task Office Chair Black,USCHW52597,77.22
50-patio-park-garden-bench,"50"" Patio Park Garden Bench",USCOP2786,73.81
executive-pu-leather-racing-style-bucket-seat-office-chair-desk-task-computer,Executive PU Leather Racing Style Bucket Seat Office Chair Desk Task Computer,USCHW52599,74.94
garden-bench-porch-path-chair-furniture,Garden Bench Porch Path Chair Furniture,USCOP2785,72.67
pu-leather-executive-racing-style-bucket-seat-chair,PU Leather Executive Racing Bucket Seat Chair,USCHW52598,99.94
3-pieces-bistro-set,3 pieces Bistro Set,USCOP2782,104.49
patio-garden-bench-chair,Garden Patio Bench Aluminum Chair,USCOP2780,88.58
77-5-x-39-9-x-35-0-bed-frame,"77.5"" x 39.9"" x 35.0"" Bed Frame",USCHW53345-Black,85.99
ergonomic-pu-leather-midback-executive-computer-office-chair,Ergonomic PU Leather Midback Executive Computer  Office Chair,USCHW52596,52.22
mix-brown-rattan-cooler-cart,mix brown rattan cooler cart,USCHW52974,147.67
ergonomic-adjustable-wooden-kneeling-chair,Ergonomic Adjustable Wooden Kneeling Chair,USCHW52973-Black,51.99
kids-toddler-bed-with-race-car-design,Kids Toddler Bed with Race Car Design,USCHW51753,74.94
7-quart-electric-slow-cooker,7 Quart Electric Slow Cooker,USCEP22263,28.35
3-pieces-outdoor-rattan-wicker-furniture-set,3 Pieces Outdoor Rattan Wicker Furniture Set,USCHW53509,106.76
gray-leisure-arm-chair-single-couch-sofa,Gray Leisure Arm Chair Single Couch Sofa,USCHW51502,111.31
4-color-hammock-hanging-chair-swing,Outdoor Yard Hammock Hanging Chair Swing,USCOP2996-Red,27
high-back-race-car-style-gaming-chair,High-Back Race Car Style Gaming Chair,USCHW51514BL,94.49
2030psi-electric-high-pressure-washer,2030PSI Electric High Pressure Washer,USCEP21979,80.62
10l-vertical-sausage-stuffer-2-speed,10L Vertical Sausage Stuffer 2 Speed,USCKC40431,176.08
8-pieces-non-stick-pan-set,8 Pieces Non Stick Pan Set,USCKC40589,37.44
hanging-lounge-chair-arc-stand-swing-hammock-canopy-orange,Hanging Chair Arc Stand Swing,USCOP2840OR,160.17
7-2ft-outdoor-patio-umbrella-beach,7.2FT Outdoor Patio Umbrella Beach,USCHW51586,37.44
9ft-half-round-umbrella-tan,9Ft Half Round Umbrella Tan,USCOP2954TN,31.76
computer-table-desk,Computer Table Desk,USCHW52169,53.35
clear-glass-top-dining-table,Clear Glass Top Dining Table,USCHW52842,90.85
drafting-desk,Drafting Desk,USCHW52945-Natural,94.49
round-bamboo-laundry-basket,Round Bamboo Laundry Basket,USCHW51484-1C,23.49
brown-rattan-side-table,Brown Rattan Side Table,USCHW52881,52.22
brown-rattan-bar-table,Brown Rattan Bar Table,USCHW52884,113.58
drafting-desk-w-stool,Drafting Desk w/ Stool,USCHW52944,141.99
rolling-computer-desk,Rolling Computer Desk,USCHW52799,61.31
laptop-table-adjustable-top-height,Laptop Table Adjustable Top Height,USCHW52798,60.17
large-folding-saucer-moon-chair,Large Folding Saucer Moon Chair,USCOP3040,43.12
3-pcs-table-bench-set,3 PCS Table Bench Set,USCOP2837,107.9
5-pc-rattan-furniture-set,5 PC Rattan Furniture Set,USCHW53660-,386.31
6-pcs-rattan-wicker-furniture-set-sofa,6 PCS Rattan Wicker Furniture Set Sofa,USCHW53056-,430.62
l-shape-computer-desk,L-Shape Glass Top Computer Desk,USCHW53003,73.81
reclining-office-chair,Reclining Office Chair,USCHW52958,111.31
drywall-stilts-aluminum-tool-painters-walking-silver,Drywall Stilts Aluminum Tool Painters Walking Silver,USCTL29263,82.9
drywall-stilts-aluminum-tool-painters-walking-black,Drywall Stilts Aluminum Tool Painters Walking Black,USCTL29263BK,82.9
indoor-basketball-arcade-game-double-hoops-shot,Indoor Basketball Arcade Game Double Hoops shot,USCSP35202,96.53
7-player-poker-table,7 Player Poker Table,USCTY557945,153.35
gyro-rc-wifi-fpv-quadcopter-camera,Gyro RC WIFI FPV Quadcopter Camera,USCTY547566,74.94
79x36-poker-table-top-with-carrying-case,"79""x36"" Poker Table Top With Carrying Case",USCTY557042,74.94
kids-wood-kitchen-toy-cooking-play-set,Kids Wood Kitchen Toy Cooking Play Set,USCTY322434,107.9
syma-quadcopter-explorers-drone-8mp-hd-camera,Syma Quadcopter Explorers Drone 8MP HD Camera,USCTY538919,144.26
table-and-2-folding-chairs-w-umbrella,Table And 2 Folding Chairs w/ Umbrella,USCOP3035,36.31
bounce-house-jumper-moonwalk-outdoor-kids,Bounce House Jumper Moonwalk Outdoor Kids,USCOP3068,134.03
red-bucket-seat-gaming-chair,Red Bucket Seat Gaming Chair,USCHW52436,105.62
mighty-bounce-house-castle-jump-jumper-moonwalk,Bounce House Castle Jumper,USCOP2497,153.35
bounce-house-castle-jumper-moonwalk-bouncer,Bounce House Castle Jumper Moonwalk Bouncer,USCOP70000,170.4
12v-battery-powered-kids-ride-on-excavator-truck,Kids Ride On Excavator Toy,USCTY324104,212.44
r199-12v-electric-kids-ride-on-car,R199 12V Electric Kids Ride On Car,USCTY324155RE,191.99
12ft-trampoline-combo-bounce-jump-safety-enclosure,12FT Trampoline Safety Enclosure,USCSP35232-,256.76
computer-desk-w-2-wheels,Computer Desk w/ 2 Wheels,USCHW52808,47.67
moonwalk-water-slide-pool-bounce-house,Water Slide Pool Inflatable Bounce,USCOP70011,259.03
12v-electric-kids-ride-on-car-truck,Mercedes Benz G55 Kids Ride On Car,USCTY324152BK,273.81
patio-sofa-furniture-round,Patio Sofa Furniture Round,USCHW51820-,388.58
moonwalk-jungle-bounce-house-jumper-bouncy,Moonwalk Jungle Bounce House Jumper Bouncy,USCOP70005,313.58
bed-frame-with-wood-slats-30,"Bed Frame with Wood Slats 30""",USCHW52216-queen size,97.99
15ft-trampoline-combo-bounce-jump,15FT Trampoline Bounce Jump,USCSP35233-,335.17
inflatable-santa-claus-bounce-house-castle-jumper,Inflatable Santa Claus Bounce House,USCOP70009,314.72
16ft-trampoline-combo-bounce-jump,16FT Trampoline Bounce Jump,USCSP35282-,381.76
tv-lcd-monitor-desk-mount-stand-bracket,TV LCD Monitor Desk Mount Stand Bracket,USCTL32263,38.58
round-coffee-tea-table,Round Coffee Tea Table,USCHW52553,53.35
3-pcs-outdoor-patio-pe-rattan-wicker-furniture-set-seat,Patio Rattan Table Chair Set,USCHW52373,219.26
4-seat-kids-picnic-table-w-umbrella-garden-yard-folding-children-bench,4 Seat Kids Picnic Table w/Umbrella Garden Yard Folding Children Bench,USCOP2995,46.53
foldable-aluminum-plastic-picnic-table-camping-w-bench-4-seat,Foldable Aluminum Plastic Picnic Table Camping w/ Bench 4 Seat,USCOP3018,39.72
executive-high-back-recliner-pu-leather-office-chair,Executive High Back Recliner PU Leather Office Chair,USCHW52630,93.12
30-3-speed-portable-tower-fan,"30"" 3-Speed Portable Tower Fan",USCHW54234,36.31
16-adjustable-oscillating-pedestal-stand-fan,16''Adjustable Oscillating Pedestal Stand Fan,USCHW54237,47.67
3l-stainless-steel-vertical-sausage-stuffer,3L Stainless Steel Vertical Sausage Stuffer,USCKC42156,53.35
3l-vertical-sausage-stuffer,3L Vertical Sausage Stuffer,USCKC42117,96.53
white-wood-laundry-clothes-storage-basket,White Wood Laundry Clothes Storage Basket,USCBA7137,36.31
bathroom-wall-cabinet-with-double-mirror-doors,Bathroom Wall Cabinet with Double Mirror Doors,USCBA7136,46.53
bathroom-wall-cabinet-with-single-mirror-door,Bathroom Wall Cabinet with Single Mirror Door,USCBA7135,38.58
48-ft-outdoor-waterproof-led-light-bulbs,48 ft Outdoor Waterproof LED Light Bulbs,USCEP22724,49.94
electric-high-pressure-sprayer-cleaner-machine,Electric High Pressure Sprayer Cleaner Machine,USCEP22667,74.94
adjustable-9-ft-wooden-outdoor-umbrella-sunshade,Adjustable 9 ft Wooden Outdoor Umbrella Sunshade,USCOP3124,43.12
adjustable-10-ft-wooden-outdoor-umbrella-sunshade,Adjustable 10 ft Wooden Outdoor Umbrella Sunshade,USCOP3123,48.81
2-tier-free-standing-floor-towel-holder,2-Tier Free Standing Floor Towel Holder,USCHW54108,28.35
handgun-safe-lock-box-with-key,Handgun Safe Lock Box with Key,USCHW54035,16.99
15-7-biometric-fingerprint-digital-electronic-safe-box,"15.7"" Biometric Fingerprint Digital Electronic Safe Box",USCHW54032,68.12
3-panel-folding-steel-fireplace-screen,3 Panel Folding Steel Fireplace Screen,USCHW54030,49.94
foldable-laundry-clothes-storage-drying-rack,Foldable Laundry Clothes Storage Drying Rack,USCHW53989,27.22
1x-portable-laundry-clothes-storage-drying-rack,1X Portable Laundry Clothes Storage Drying Rack,USCHW53985,32.9
wall-amount-bathroom-medicine-cabinet,Wall Amount Bathroom Medicine Cabinet,USCHW53984,68.12
4-foot-chill-fill-party-ice-folding-table,Folding Chill & Fill Party Ice Table,USCHW53926,80.62
giant-inflatable-leisure-flamingo-swan-float,Inflatable Giant Flamingo Float,USCOP3060,24.94
garden-portable-wooden-greenhouse,Wooden Garden Portable Plants Shelves GreenHouse,USCGT2979,119.26
garden-portable-wooden-cold-frame-greenhouse,Portable Garden Wooden Cold Frame Greenhouse,USCGT2976,63.58
fir-wood-planter-stand-flower-yard-landscape-box,Fir Wood Planter Stand Flower Yard Landscape Box,USCGT2975,32.9
table-lamp-4-mode-touch-reading-light-clock,Table Lamp 4-Mode Touch Reading Light Clock,USCEP22598,30.62
6l-stainless-steel-sausage-stuffer-maker,6L Stainless Steel Sausage Stuffer Maker,USCKC42157,57.9
1500w-electric-oil-filled-radiator-heater,1500W Electric Oil Filled Radiator Heater,USCEP22610,49.94
aluminum-propane-gas-outdoor-fire-pit-table-stovetable,Aluminum Propane Gas Outdoor Fire Pit Table StoveTable,USCHW53793,468.12
electric-infrared-radiant-space-heater,Electric Infrared Radiant Space Heater,USCEP22613,40.85
crystal-chandelier-6-ceiling-light-lamp,Crystal Chandelier 6 Ceiling Light Lamp,USCEP22626,68.12
28-5-fireplace-electric-embedded-insert-heater,"28.5"" Fireplace Electric Embedded Insert Heater",USCHW51075,151.08
70-metal-firewood-log-rack-holder-storage,"70"" Metal Firewood Log Rack Holder Storage",USCHW53819,95.4
5-pcs-hearth-tool-fireplace-set-fire-tools,5 PCS Hearth Tool Fireplace Set Fire Tools,USCHW53818,37.44
15-drawer-rolling-storage-cart-tools-scrapbook-paper,15 Drawer Rolling Storage Cart Tools Scrapbook Paper,USCHW53825,76.08
6-drawer-rolling-storage-cart-tools-scrapbook-paper,6 Drawer Rolling Storage Cart Tools Scrapbook Paper,USCHW53824,36.31
4-ft-airblown-christmas-xmas-reindeer-box-decor,4 Ft Airblown Christmas Xmas Reindeer Box Decor,USCCM20032,24.94
wishing-well-bucket-flower-plants-planter-patio,Wishing Well Bucket Flower Plants Planter Patio,USCOP3047,71.53
3-light-glass-wall-sconce-pendant-lampshade,3 Light Glass Wall Sconce Pendant Lampshade,USCEP22604,54.49
hydraulic-foot-pump-riding-lawn-mower-atv,Hydraulic Foot Pump Riding Lawn Mower ATV,USCAT4531,114.72
wood-chair-w-ottoman-patio-deck-garden,Wood Chair w/ Ottoman Patio Deck Garden,USCHW53350,57.9
4ft-christmas-xmas-santa-claus-decoration,4Ft Christmas Xmas Santa Claus Decoration,USCCM19944,21.53
4ft-christmas-santa-claus-lighted-decor,4Ft Christmas Santa Claus Lighted Decor,USCCM19942,21.53
4-ftchristmas-xmas-santa-claus-gift-decor,4 FtChristmas Xmas Santa Claus Gift Decor,USCCM19952,22.67
5-ft-santa-claus-in-christmas-tree-decor,5 Ft Santa Claus In Christmas Tree Decor,USCCM19953,40.85
14-round-led-flush-mount-ceiling-light,"14"" Round LED Flush Mount Ceiling Light",USCEP22589,41.99
7-5-ft-christmas-tree-w-750-led-lights-stand,7.5 ft Christmas Tree w/750 LED Lights & Stand,USCCM20204,113.58
4-bamboo-storage-baskets-folding-nesting-organizer,4 Bamboo Storage Baskets Folding Nesting Organizer,USCHW52626,40.85
set-of-2-upholstered-dining-side-chairs,Set of 2 Upholstered Dining Side Chairs,USCHW52756,81.76
white-vanity-makeup-dressing-table-with-mirror-4-drawers,Dressing Table and Stool Set,USCHW52936,165.85
75-x-31-folding-guest-bed,"75"" x 31"" Folding Guest Bed",USCHW53027,155.62
adjustable-wooden-laptop-table-with-work-top-and-wheels,Adjustable Wooden Laptop Table With Work Top And Wheels,USCHW52026,29.49
adjustable-pool-chaise-lounge-chair-recliner-beach-outdoor,Adjustable Pool Chaise Lounge Chair Recliner Beach Outdoor,USCHW52896,60.17
4-layers-wooden-bookshelf,4 Layers Wooden Bookshelf,USCHW52821,52.22
adjustable-wooden-laptop-table-stand,Adjustable Wooden Laptop Table Stand,USCHW52025,36.31
2-pcs-patio-outdoor-loveseat-bench-with-cushion,Patio Loveseat and Cushion Bench,USCHW51784,141.99
folding-laptop-desk-office-furniture,Folding Laptop Desk Office Furniture,USCHW52807,64.72
classic-hydraulic-barber-chair,Classic Hydraulic Barber Chair,USCHB84537,113.58
leisure-chair-recliner-with-ottoman,Leisure Chair Recliner with Ottoman,USCHW52654,114.72
tv-wall-mount-37-84,"TV Wall Mount 37""-84""",USCHW52818,32.9
4pcs-gray-rattan-wicker-patio-sofa-cushion-seat-set,4PCS Gray Rattan Wicker Patio Sofa Cushion Seat Set,USCHW51571-,430.62
tv-wall-mount-26-60,"TV Wall Mount 26""-60""",USCHW52802,15.85
26-to-60-tv-wall-mount,"26"" to 60"" TV Wall Mount",USCHW52811,12.44
tv-wall-mount,"TV Wall Mount 42"" to 100""",USCHW52812,31.76
u-shape-body-support-pillow,U Shape Body Support Pillow,USCHT0901,35.17
tv-wall-mount-bracket-1,"37""to 70"" TV Wall Mount Bracket",USCHW52815,24.94
c-shape-body-pillow,C Shape Body Pillow,USCHT0900,29.49
lcd-led-plasma-tv-wall-mount,"LCD LED Plasma TV Wall Mount 26""to 60""",USCHW52816,28.35
clothes-hanger-racks-tripod,Clothes Hanger Racks Tripod,USCHW52029,24.94
6-cube-black-storage-shelf,6-Cube Black Storage Shelf,USCHW51751,52.22
4-tiers-chocolate-fountain-fondue,4 Tiers Chocolate Fountain Fondue,USCHW51743,38.58
mid-back-mesh-office-chair,Mid-back Mesh Office Chair,USCHW52616,49.94
set-of-4-wood-children-dining-stools,Set of 4 Wood Children Dining Stools,USCHW52441,53.35
adjustable-racing-style-office-chair,Adjustable Racing Style Office Chair,USCHW52655,64.72
75x55-double-size-hammock,"75""x55"" Double Size Hammock",USCOP2615,32.9
78x-59white-rope-swing-double-hammock,"78""x 59""White Rope Swing Double Hammock",USCOP2649,31.76
2-gallon-vacuum-chamber,2 Gallon Vacuum Chamber,USCET1196-,154.49
16-bottles-cooler-fridge,Cooler Fridge 16 bottles space,USCHW52043,130.62
manual-spiral-plastic-vegetable-slicer-fruit-cutter,Manual Spiral Plastic Vegetable Slicer Fruit Cutter,USCKC38880,6.76
tv-wall-mount-bracket,"37""-70"" TV Wall Mount Bracket",USCHW52801,20.4
lcd-led-plasma-flat-tv-wall-mount-bracket,"TV Wall Mount Bracket 26""-60""",USCHW52800,14.72
living-room-products-10-drawer-rolling-storage-cart,10 Drawers Rolling Storage Cart,USCHW52045-White,37.99
4000gal-w-13w-pond-pressure-bio-filter,4000GAL W/ 13W Pond Pressure Bio Filter,USCEP21559,106.76
5-positions-mop-holder-hanger,5 Positions Mop Holder Hanger,USCCL10945,11.31
10ft-steel-hammock-stand,10FT Steel Hammock Stand,USCOP2650,52.22
foldable-2-tier-wood-computer-desk,Foldable 2-Tier Wood Computer Desk,USCHW52794,54.49
48-multi-function-computer-desk,48â€?Multi-Function Computer Desk,USCHW52795,64.72
fire-pit-patio-heater-bowl-steel-fireplace,Fire Pit Patio Heater Bowl Steel Fireplace,USCHW50625,216.99
folding-garden-kneeler,Folding Garden Kneeler,USCGT2813,21.53
simplistic-desk-computer-office,Simplistic Desk Computer Office,USCHW52796,46.53
desk-computer-office-furniture,Home Office Computer Desk Table,USCHW52797,84.03
29-outdoor-patio-firepit-w-matte,"29"" Outdoor Patio Firepit w/ Matte",USCOP2520,222.67
32-patio-garden-stove-bbq-fireplace-fire-pit,"Patio Garden Stove BBQ Fireplace Fire Pit 32""",USCHW46459,84.03
folding-bed-with-foam-mattress-casters,Folding Bed with Foam Mattress + Casters,USCHW51123,141.99
35-1500w-electric-wall-mount-fireplace,"35"" 1500W Electric Wall Mount Fireplace",USCHW48543,151.08
10-patio-hanging-umbrella,Patio Hanging Umbrella 10',USCOP2808-Beige,70.99
queen-size-foldable-platform-metal-bed-frame,Queen Size Foldable Platform Metal Bed Frame,USCHW51148,94.26
home-security-lock-gun-cash-box,Home Security Lock Gun Cash Box,USCHW50957,71.53
high-back-chair-black-pu-leather,High Back Chair Black PU Leather,USCHW52715,86.31
pu-leather-mid-back-armrest-chair,PU Leather Mid-back Armrest Chair,USCHW52714,69.26
pu-leather-high-back-office-chair-1,PU Leather High-back Office Chair,USCHW52713,84.03
pu-leather-high-back-office-chair,PU Leather High-Back Office Chair,USCHW52712,86.31
folding-wood-luggage-rack,Folding Wood Luggage Rack,USCHW48548,38.58
3-piece-outdoor-rattan-furniture-sofa-set,3 Piece Outdoor Rattan Furniture Sofa Set,USCHW53977,207.9
kids-folding-study-writing-desk-chair-set,Kids Folding Study Writing Desk Chair Set,USCHW53820,43.12
26-solid-coffee-table,"26"" Solid Coffee Table",USCHW54412,53.35
21-7-solid-coffee-table-end-table,"21.7"" Solid Coffee Table End Table",USCHW54411,41.99
computer-desk-task-office-chair,Computer Desk Task Office Chair,USCCB10051,60.17
modern-coffee-table,Modern Coffee Table,USCHW54409,49.94
bentwood-swivel-bar-stools-pack-with-2x,Bentwood Swivel Bar Stools pack with 2X,USCHW52770,70.4
adjustable-leather-bar-stool,Adjustable leather Bar Stool,USCHW48529BK,43.12
laptop-desk-pack-with-2-table,Laptop Desk pack with 2 table,USCHW51996,32.9
folding-computer-desk,Folding Computer desk,USCHW52807,64.72
brand-new-atv-jack-motorcycle-lift-stand-1500-lbs,ATV Jack Motorcycle Lift Stand 1500 Lbs Brand New,USCAT4532,103.35
clothes-drying-rack,Clothes Drying Rack,USCHW53985,32.9
non-slip-4-step-folding-ladder,Non-slip 4-Step Folding Ladder,USCTL32774,51.08
inflatable-flamingo-rideable-float,Inflatable Flamingo Rideable Float,USCOP3060,24.94
rolling-heavy-duty-file-cabinet,Rolling Heavy Duty File Cabinet,USCHW54022,44.26
wooden-top-pc-laptop-computer-desk,Home Wooden PC Laptop Computer Desk,USCHW54021,86.31
wooden-pc-laptop-computer-desk-1,Black Wooden PC Laptop Computer Desk,USCHW53854,68.12
27led-table-lamp-touch-rotatable,27LED Table Lamp Touch Rotatable,USCEP22598,30.62
6l-sausage-stuffer-maker,6L Sausage Stuffer Maker,USCKC42157,57.9
4-tier-metal-storage-display-shelf,4-Tier Metal Storage Display Shelf,USCHW54118,24.94
bird-parrot-cage,Bird Parrot Cage,USCPS5339,96.53
white-writing-desk-computer-table,White Writing Desk Computer Table,USCHW54027,54.49
nail-clippers-cleaner-cuticle-grooming-kit,Nail Clippers Cleaner Cuticle Grooming Kit,ZHUS95009,9.99
white-storage-cabinet-organizer,White Storage Cabinet Organizer,USCBA7138,56.76
rectangle-black-coffee-table,Rectangle Black Coffee Table,USCHW54051,51.08
vintage-vinyl-record-player,Vintage Vinyl Record Player,USCEP22705-110V,56.76
girdles-waistband-corset-belt-bustier-slimming,Girdles Waistband Corset Belt Bustier Slimming,ZHUS36708-S,12.89
food-avoid-spill-resistant-self-feeding-rotation-bowl,Food Avoid Spill Resistant Self Feeding Rotation Bowl,ZHUS96791-BU,14.64
adjustable-dial-vision-reader-eye-glasses,Adjustable Dial  Vision Reader Eye Glasses,ZHUSB0397,14.4
nail-art-stamps-print-design-metal-plate,Nail Art Stamps Print Design Metal Plate,ZHUS34412,10.79
instant-trainer-dog-leash-trains-stop-pulling,Instant Trainer Dog Leash Trains Stop Pulling,ZHUS96479,10.19
curtain-willow-leave-pattern-blind-printed-yarn,Curtain Willow Leave Pattern Blind Printed Yarn,ZHUSA0660,11.06
floral-voile-drape-panel-sheer-curtain,Floral Voile Drape Panel Sheer Curtain,ZHUS25205-GN,10.94
floral-drape-panel-sheer-curtain-muilt-colors,Floral Drape Panel Sheer Curtain Muilt-colors,ZHUS97951-BK,11.24
trimmer-hair-shave-apron-gown,Trimmer Hair Shave Apron Gown,ZHUSB1865-WH,9.54
garden-pebbles-artificial-luminous-stones,Garden Pebbles Artificial Luminous Stones,ZHUSC0413-WH,12.44
washing-brush-glove-cleaning-dish-cleaner-tool,Washing Brush Glove Cleaning Dish Cleaner Tool,ZHUSB0767,11.64
polyester-stretch-slip-chair-cover-decor,Polyester Stretch Slip Chair Cover Decor,ZHUSC1905-L-RDW,11.64
foam-sponge-cleaning-car-vehicle-glass,Foam Sponge Cleaning Car Vehicle Glass,ZHUS21086,8.51
speed-out-screw-extractor-drill-bits-bolt-remover,Speed Out Screw Extractor Drill Bits Bolt Remover,ZHUS96646,9.51
100pcs-3d-stars-glow-fluorescent-wall-stickers,100Pcs 3D Stars Glow Fluorescent Wall Stickers - S,ZHUS96485,8.15
colors-silk-rose-flower-petals-confetti,Colors Silk Rose Flower Petals Confetti,HUS1510LYA00259,7.19
12-pairs-shoes-organizer-holder,12 Pairs Shoes Organizer Holder,ZHUS36779,9.65
stainless-steel-lemon-juicer-manually-squeezers,Stainless Steel Lemon Juicer Manually Squeezers,ZHUSB0166,10.34
folding-shopping-travel-shoulder-grocery-bag,Folding Shopping Travel Shoulder Grocery Bag,USPSB1881,10.74
dishes-silicone-oven-heat-insulated-finger-glove,Dishes Silicone Oven Heat Insulated Finger Glove,ZHUS30358-OG,8.03
u-shaped-toilet-mat,U Shaped Toilet Mat,ZHUS28094-KH,29.99
purple-heat-resistant-oven-glove,Purple Heat Resistant Oven Glove,ZHUS21756,10.38
heat-resistant-oven-glove-green-color,Heat Resistant Oven Glove Green Color,ZHUS21755,10.38
blue-heat-resistant-oven-glove,Blue Heat Resistant Oven Glove,ZHUS21754,10.46
6pcs-silicone-stretch-lid-keep-fresh-food,6PCS Silicone Stretch Lid Keep Fresh Food,ZHUSC1191-WH,16.49
1pc-red-heat-resistant-oven-glove,1PC Red Heat Resistant Oven Glove,ZHUS21753,10.38
black-heat-resistant-silicone-oven-glove,Black Heat Resistant Silicone Oven Glove,ZHUS21752,10.43
shave-bathroom-apron,Shave Bathroom Apron,ZHUSB1865-WH,9.59
2x-bbq-mat-non-stick-baking-mat-pad-sheet,BBQ Mat Non-Stick Baking Mat Pad Sheet 2 in 1,USPS95631,9.81
1-pair-of-garden-genie-gloves,Garden Genie Gloves,ZHUSD0002,10.94
heat-resistant-silicone-oven-glove,Heat Resistant Silicone Oven Glove,ZHUS21751,10.49
silica-gel-re-usable-food-wraps-bag,Silica Gel Re-usable Food Wraps Bag,ZHUS96512,10.76
8pcs-wonder-clothes-hanger-rack,8pcs Wonder Clothes Hanger Rack,ZHUSB0392,11.66
tri-spinner-hand-finger-bar,Tri Spinner Hand Finger Bar,ZHUSB2269-BK,7.5
